{"errors":[],"warnings":[],"namedChunkGroups":{"app":{"chunks":[14,4],"assets":["webpack-runtime-e3a8deb9c1577a135104.js","webpack-runtime-e3a8deb9c1577a135104.js.map","app-421e1374f6049ae5ed3e.js","app-421e1374f6049ae5ed3e.js.map"],"children":{},"childAssets":{}},"component---node-modules-gatsby-plugin-offline-app-shell-js":{"chunks":[5],"assets":["component---node-modules-gatsby-plugin-offline-app-shell-js-d19ece59521715589c1d.js","component---node-modules-gatsby-plugin-offline-app-shell-js-d19ece59521715589c1d.js.map"],"children":{},"childAssets":{}},"component---src-templates-index-js":{"chunks":[0,2,3,1,6],"assets":["0.4fec2ccc2fd2b19f504d.css","0-f6a397063e498126d613.js","0-f6a397063e498126d613.js.map","2-991d1ff73e47fe8d7dc4.js","2-991d1ff73e47fe8d7dc4.js.map","3-1b31b1fb42a5e07685c1.js","3-1b31b1fb42a5e07685c1.js.map","1.364028c755ca3e18094a.css","1-fe3a14ce7c80473a2846.js","1-fe3a14ce7c80473a2846.js.map","component---src-templates-index-js.756312a24d5b1321b27f.css","component---src-templates-index-js-3184c24a462dc3643606.js","component---src-templates-index-js-3184c24a462dc3643606.js.map"],"children":{},"childAssets":{}},"component---src-pages-about-js":{"chunks":[0,2,1,7],"assets":["0.4fec2ccc2fd2b19f504d.css","0-f6a397063e498126d613.js","0-f6a397063e498126d613.js.map","2-991d1ff73e47fe8d7dc4.js","2-991d1ff73e47fe8d7dc4.js.map","1.364028c755ca3e18094a.css","1-fe3a14ce7c80473a2846.js","1-fe3a14ce7c80473a2846.js.map","component---src-pages-about-js.983139599b2bc065ffa1.css","component---src-pages-about-js-83a8de03b6e1dd1ca5ca.js","component---src-pages-about-js-83a8de03b6e1dd1ca5ca.js.map"],"children":{},"childAssets":{}},"component---src-pages-contact-js":{"chunks":[0,1,8],"assets":["0.4fec2ccc2fd2b19f504d.css","0-f6a397063e498126d613.js","0-f6a397063e498126d613.js.map","1.364028c755ca3e18094a.css","1-fe3a14ce7c80473a2846.js","1-fe3a14ce7c80473a2846.js.map","component---src-pages-contact-js.c6ea8c06bbdb141d6a3c.css","component---src-pages-contact-js-9a34a124ca0564f1381d.js","component---src-pages-contact-js-9a34a124ca0564f1381d.js.map"],"children":{},"childAssets":{}},"component---src-pages-fakeindex-js":{"chunks":[0,2,3,1,9],"assets":["0.4fec2ccc2fd2b19f504d.css","0-f6a397063e498126d613.js","0-f6a397063e498126d613.js.map","2-991d1ff73e47fe8d7dc4.js","2-991d1ff73e47fe8d7dc4.js.map","3-1b31b1fb42a5e07685c1.js","3-1b31b1fb42a5e07685c1.js.map","1.364028c755ca3e18094a.css","1-fe3a14ce7c80473a2846.js","1-fe3a14ce7c80473a2846.js.map","component---src-pages-fakeindex-js.33912da8e2314a65e458.css","component---src-pages-fakeindex-js-18da3250800e2a5d356b.js","component---src-pages-fakeindex-js-18da3250800e2a5d356b.js.map"],"children":{},"childAssets":{}},"component---src-pages-index-js":{"chunks":[0,2,13,1,10],"assets":["0.4fec2ccc2fd2b19f504d.css","0-f6a397063e498126d613.js","0-f6a397063e498126d613.js.map","2-991d1ff73e47fe8d7dc4.js","2-991d1ff73e47fe8d7dc4.js.map","13.3cb1c16f0cd210f8801c.css","13-7e85ff8dc3fc50aacd35.js","13-7e85ff8dc3fc50aacd35.js.map","1.364028c755ca3e18094a.css","1-fe3a14ce7c80473a2846.js","1-fe3a14ce7c80473a2846.js.map","component---src-pages-index-js.9a0d40668043eb2c89ca.css","component---src-pages-index-js-325c84d19e7f7367ab44.js","component---src-pages-index-js-325c84d19e7f7367ab44.js.map"],"children":{},"childAssets":{}},"component---src-pages-updates-js":{"chunks":[0,2,1,11],"assets":["0.4fec2ccc2fd2b19f504d.css","0-f6a397063e498126d613.js","0-f6a397063e498126d613.js.map","2-991d1ff73e47fe8d7dc4.js","2-991d1ff73e47fe8d7dc4.js.map","1.364028c755ca3e18094a.css","1-fe3a14ce7c80473a2846.js","1-fe3a14ce7c80473a2846.js.map","component---src-pages-updates-js.8e65ad7c17c6e8ad9f1f.css","component---src-pages-updates-js-35989d63b932ea6ed1f7.js","component---src-pages-updates-js-35989d63b932ea6ed1f7.js.map"],"children":{},"childAssets":{}}},"assetsByChunkName":{"app":["webpack-runtime-e3a8deb9c1577a135104.js","app-421e1374f6049ae5ed3e.js"],"component---node-modules-gatsby-plugin-offline-app-shell-js":["component---node-modules-gatsby-plugin-offline-app-shell-js-d19ece59521715589c1d.js"],"component---src-templates-index-js":["0.4fec2ccc2fd2b19f504d.css","0-f6a397063e498126d613.js","2-991d1ff73e47fe8d7dc4.js","3-1b31b1fb42a5e07685c1.js","1.364028c755ca3e18094a.css","1-fe3a14ce7c80473a2846.js","component---src-templates-index-js.756312a24d5b1321b27f.css","component---src-templates-index-js-3184c24a462dc3643606.js"],"component---src-pages-about-js":["0.4fec2ccc2fd2b19f504d.css","0-f6a397063e498126d613.js","2-991d1ff73e47fe8d7dc4.js","1.364028c755ca3e18094a.css","1-fe3a14ce7c80473a2846.js","component---src-pages-about-js.983139599b2bc065ffa1.css","component---src-pages-about-js-83a8de03b6e1dd1ca5ca.js"],"component---src-pages-contact-js":["0.4fec2ccc2fd2b19f504d.css","0-f6a397063e498126d613.js","1.364028c755ca3e18094a.css","1-fe3a14ce7c80473a2846.js","component---src-pages-contact-js.c6ea8c06bbdb141d6a3c.css","component---src-pages-contact-js-9a34a124ca0564f1381d.js"],"component---src-pages-fakeindex-js":["0.4fec2ccc2fd2b19f504d.css","0-f6a397063e498126d613.js","2-991d1ff73e47fe8d7dc4.js","3-1b31b1fb42a5e07685c1.js","1.364028c755ca3e18094a.css","1-fe3a14ce7c80473a2846.js","component---src-pages-fakeindex-js.33912da8e2314a65e458.css","component---src-pages-fakeindex-js-18da3250800e2a5d356b.js"],"component---src-pages-index-js":["0.4fec2ccc2fd2b19f504d.css","0-f6a397063e498126d613.js","2-991d1ff73e47fe8d7dc4.js","13.3cb1c16f0cd210f8801c.css","13-7e85ff8dc3fc50aacd35.js","1.364028c755ca3e18094a.css","1-fe3a14ce7c80473a2846.js","component---src-pages-index-js.9a0d40668043eb2c89ca.css","component---src-pages-index-js-325c84d19e7f7367ab44.js"],"component---src-pages-updates-js":["0.4fec2ccc2fd2b19f504d.css","0-f6a397063e498126d613.js","2-991d1ff73e47fe8d7dc4.js","1.364028c755ca3e18094a.css","1-fe3a14ce7c80473a2846.js","component---src-pages-updates-js.8e65ad7c17c6e8ad9f1f.css","component---src-pages-updates-js-35989d63b932ea6ed1f7.js"]}}